Workbook

Sheet Read Me
A1: Evolve Edge AI Notifications
A3: Purpose | B3: This workbook defines tailored AI-powered notifications for Evolve Edge across analysis, risk, evidence, remediation, reporting, and auditor workflows.
A4: How to use | B4: Use the Notification Catalog tab as the source of truth for PM, design, engineering, and compliance operations.
A5: Scoring model | B5: Impact and Urgency are weighted 2x; Confidence is weighted 1x. Suggested Band is formula-driven and flags rows that may need manual review.
A6: MVP guidance | B6: Rows marked MVP are suitable for the first release. Future rows can be deferred until framework updates, Slack, or vendor workflows are implemented.
A7: Channel note | B7: In-app notifications should be default. Email should be used for high-signal or time-sensitive alerts. Slack is marked future where appropriate.
A8: Suppression principle | B8: Avoid spam by suppressing duplicate alerts, batching related findings, and suppressing notifications when the user is already in context.

Sheet Notification Catalog
A1: Notification ID | B1: Category | C1: Notification Name | D1: Journey Stage | E1: Audience | F1: Channel | G1: Event Trigger | H1: AI Behavior | I1: Smart Conditions | J1: CTA | K1: Example Title | L1: Example Body | M1: Frequency | N1: Manual Priority | O1: Impact | P1: Urgency | Q1: Confidence | R1: AI Score | S1: Suggested Band | T1: Band Match? | U1: Target SLA (hrs) | V1: Owner | W1: Status | X1: In-app Flag | Y1: Email Flag | Z1: Slack Flag
A2: AI-001 | B2: Analysis | C2: Compliance analysis complete | D2: Document Upload → AI Analysis | E2: Owner, Admin, Analyst | F2: In-app, Email | G2: A document or document bundle finishes AI compliance analysis successfully. | H2: Summarize top findings, affected frameworks, score change, and next best actions. | I2: Suppress if the user is actively viewing the completed job within 5 minutes. | J2: Review findings | K2: AI review finished: 5 findings across PCI DSS | L2: Your uploaded evidence was analyzed. 2 high-risk gaps and 3 medium-risk gaps were found. Recommended next step: review missing access-control evidence. | M2: Per job | N2: Medium | O2: 3 | P2: 3 | Q2: 5 | R2: =O2*2+P2*2+Q2 -> 17 | S2: =IF(R2>=22,"Critical",IF(R2>=18,"High",IF(R2>=12,"Medium","Low"))) -> Medium | T2: =IF(N2=S2,"Yes","Review") -> Yes | U2: =IF(S2="Critical",4,IF(S2="High",24,IF(S2="Medium",72,168))) -> 72 | V2: Product + Compliance Ops | W2: MVP | X2: =IF(ISNUMBER(SEARCH("In-app",F2)),1,0) -> 1 | Y2: =IF(ISNUMBER(SEARCH("Email",F2)),1,0) -> 1 | Z2: =IF(ISNUMBER(SEARCH("Slack",F2)),1,0) -> 0
A3: AI-002 | B3: Analysis | C3: Compliance analysis failed | D3: Document Upload → AI Analysis | E3: Owner, Admin, Analyst | F3: In-app, Email | G3: AI parsing or control-mapping fails for an uploaded file. | H3: Explain likely failure reason, identify file, and suggest the fastest recovery path. | I3: Suppress duplicate failures for the same file version within 1 hour. | J3: Retry analysis | K3: Analysis failed for Security Policy.pdf | L3: We could not map enough text to compliance controls. Try re-uploading a searchable PDF or categorize the file before re-running analysis. | M3: Per failed job | N3: High | O3: 4 | P3: 4 | Q3: 5 | R3: =O3*2+P3*2+Q3 -> 21 | S3: =IF(R3>=22,"Critical",IF(R3>=18,"High",IF(R3>=12,"Medium","Low"))) -> High | T3: =IF(N3=S3,"Yes","Review") -> Yes | U3: =IF(S3="Critical",4,IF(S3="High",24,IF(S3="Medium",72,168))) -> 24 | V3: Product + ML | W3: MVP | X3: =IF(ISNUMBER(SEARCH("In-app",F3)),1,0) -> 1 | Y3: =IF(ISNUMBER(SEARCH("Email",F3)),1,0) -> 1 | Z3: =IF(ISNUMBER(SEARCH("Slack",F3)),1,0) -> 0
A4: AI-003 | B4: Risk | C4: Critical finding detected | D4: AI Analysis → Risk Review | E4: Owner, Admin | F4: In-app, Email, Slack (future) | G4: A new critical-severity finding is created by AI or escalated from analyst review. | H4: Highlight the control, why it matters, probable business risk, and the top remediation step. | I4: Never suppress for owners; batch only if more than 3 critical findings are generated in one analysis run. | J4: Open critical finding | K4: Critical gap: Cardholder data retention controls missing | L4: AI flagged a critical PCI DSS issue with no supporting retention-control evidence. Assign an owner and upload supporting policy or remediation proof. | M4: Immediate | N4: Critical | O4: 5 | P4: 5 | Q4: 4 | R4: =O4*2+P4*2+Q4 -> 24 | S4: =IF(R4>=22,"Critical",IF(R4>=18,"High",IF(R4>=12,"Medium","Low"))) -> Critical | T4: =IF(N4=S4,"Yes","Review") -> Yes | U4: =IF(S4="Critical",4,IF(S4="High",24,IF(S4="Medium",72,168))) -> 4 | V4: Compliance Ops | W4: MVP | X4: =IF(ISNUMBER(SEARCH("In-app",F4)),1,0) -> 1 | Y4: =IF(ISNUMBER(SEARCH("Email",F4)),1,0) -> 1 | Z4: =IF(ISNUMBER(SEARCH("Slack",F4)),1,0) -> 1
A5: AI-004 | B5: Risk | C5: High-risk finding cluster detected | D5: AI Analysis → Risk Review | E5: Owner, Admin, Analyst | F5: In-app, Email | G5: 3 or more high-severity findings are created in one analysis job or in the same framework within 24 hours. | H5: Group related findings into a single narrative and recommend a bundled remediation path. | I5: Suppress if a critical finding notification already covers the same cluster. | J5: Review grouped risks | K5: High-risk pattern detected in PCI DSS access controls | L5: AI grouped 4 high-risk findings around access control and evidence coverage. Addressing quarterly access reviews may close multiple gaps at once. | M5: Max once per 24h per framework | N5: High | O5: 5 | P5: 4 | Q5: 4 | R5: =O5*2+P5*2+Q5 -> 22 | S5: =IF(R5>=22,"Critical",IF(R5>=18,"High",IF(R5>=12,"Medium","Low"))) -> Critical | T5: =IF(N5=S5,"Yes","Review") -> Review | U5: =IF(S5="Critical",4,IF(S5="High",24,IF(S5="Medium",72,168))) -> 4 | V5: Compliance Ops | W5: MVP | X5: =IF(ISNUMBER(SEARCH("In-app",F5)),1,0) -> 1 | Y5: =IF(ISNUMBER(SEARCH("Email",F5)),1,0) -> 1 | Z5: =IF(ISNUMBER(SEARCH("Slack",F5)),1,0) -> 0
A6: AI-005 | B6: Evidence | C6: Evidence expires in 30 days | D6: Evidence Management | E6: Owner, Admin, Analyst | F6: In-app, Email digest | G6: A time-bound document or artifact is expected to expire within 30 days. | H6: Identify expiring evidence, impacted controls, and what replacement evidence to gather. | I6: Only notify if the evidence is attached to at least one active control or open finding. | J6: Refresh evidence | K6: 3 evidence items expire next month | L6: AI identified evidence that will soon become stale for PCI DSS and HIPAA controls. Refreshing these files now will prevent audit readiness drift. | M6: Weekly | N6: Medium | O6: 3 | P6: 2 | Q6: 5 | R6: =O6*2+P6*2+Q6 -> 15 | S6: =IF(R6>=22,"Critical",IF(R6>=18,"High",IF(R6>=12,"Medium","Low"))) -> Medium | T6: =IF(N6=S6,"Yes","Review") -> Yes | U6: =IF(S6="Critical",4,IF(S6="High",24,IF(S6="Medium",72,168))) -> 72 | V6: Product | W6: MVP | X6: =IF(ISNUMBER(SEARCH("In-app",F6)),1,0) -> 1 | Y6: =IF(ISNUMBER(SEARCH("Email",F6)),1,0) -> 1 | Z6: =IF(ISNUMBER(SEARCH("Slack",F6)),1,0) -> 0
A7: AI-006 | B7: Evidence | C7: Evidence expires in 7 days | D7: Evidence Management | E7: Owner, Admin, Analyst | F7: In-app, Email | G7: A time-bound document or artifact is expected to expire within 7 days. | H7: Escalate with exact control impact and recommended assignee. | I7: Suppress after replacement evidence is uploaded or due date is extended. | J7: Replace evidence now | K7: Urgent: MFA review evidence expires in 7 days | L7: This evidence supports active compliance controls and will age out soon. Upload updated proof to avoid a downgrade in control coverage. | M7: Daily until resolved | N7: High | O7: 4 | P7: 5 | Q7: 5 | R7: =O7*2+P7*2+Q7 -> 23 | S7: =IF(R7>=22,"Critical",IF(R7>=18,"High",IF(R7>=12,"Medium","Low"))) -> Critical | T7: =IF(N7=S7,"Yes","Review") -> Review | U7: =IF(S7="Critical",4,IF(S7="High",24,IF(S7="Medium",72,168))) -> 4 | V7: Product | W7: MVP | X7: =IF(ISNUMBER(SEARCH("In-app",F7)),1,0) -> 1 | Y7: =IF(ISNUMBER(SEARCH("Email",F7)),1,0) -> 1 | Z7: =IF(ISNUMBER(SEARCH("Slack",F7)),1,0) -> 0
A8: AI-007 | B8: Remediation | C8: Remediation task assigned | D8: Risk Review → Remediation | E8: Assigned User | F8: In-app, Email | G8: A finding is assigned to a user for remediation. | H8: Summarize the finding, explain why the user was assigned, and recommend the first proof artifact to upload. | I8: Suppress if assignment happens while the user is actively on the finding detail page. | J8: Start remediation | K8: You were assigned a remediation task | L8: AI recommends starting with evidence upload: provide the latest access review export and owner approval to address this control gap. | M8: Per assignment | N8: Medium | O8: 3 | P8: 3 | Q8: 5 | R8: =O8*2+P8*2+Q8 -> 17 | S8: =IF(R8>=22,"Critical",IF(R8>=18,"High",IF(R8>=12,"Medium","Low"))) -> Medium | T8: =IF(N8=S8,"Yes","Review") -> Yes | U8: =IF(S8="Critical",4,IF(S8="High",24,IF(S8="Medium",72,168))) -> 72 | V8: Product | W8: MVP | X8: =IF(ISNUMBER(SEARCH("In-app",F8)),1,0) -> 1 | Y8: =IF(ISNUMBER(SEARCH("Email",F8)),1,0) -> 1 | Z8: =IF(ISNUMBER(SEARCH("Slack",F8)),1,0) -> 0
A9: AI-008 | B9: Remediation | C9: Remediation due soon | D9: Risk Review → Remediation | E9: Assigned User, Admin | F9: In-app, Email | G9: A remediation task due date is within 3 days and task remains open or in progress. | H9: Remind with remaining work, blockers inferred from missing evidence, and a recommended completion path. | I9: Suppress if user completed a meaningful action on the task within the last 12 hours. | J9: Update task | K9: Task due in 3 days: Upload audit log evidence | L9: This remediation is close to deadline. AI suggests adding the Q1 audit-log export and linking it to the finding to move the task into review. | M9: Daily | N9: High | O9: 4 | P9: 4 | Q9: 5 | R9: =O9*2+P9*2+Q9 -> 21 | S9: =IF(R9>=22,"Critical",IF(R9>=18,"High",IF(R9>=12,"Medium","Low"))) -> High | T9: =IF(N9=S9,"Yes","Review") -> Yes | U9: =IF(S9="Critical",4,IF(S9="High",24,IF(S9="Medium",72,168))) -> 24 | V9: Product | W9: MVP | X9: =IF(ISNUMBER(SEARCH("In-app",F9)),1,0) -> 1 | Y9: =IF(ISNUMBER(SEARCH("Email",F9)),1,0) -> 1 | Z9: =IF(ISNUMBER(SEARCH("Slack",F9)),1,0) -> 0
A10: AI-009 | B10: Remediation | C10: Remediation overdue | D10: Risk Review → Remediation | E10: Assigned User, Admin, Owner | F10: In-app, Email | G10: A remediation task passes its due date while still unresolved. | H10: Escalate overdue impact, mention related findings, and recommend reassignment or deadline reset if blocked. | I10: Suppress after explicit acknowledgment, reassignment, or deadline change. | J10: Resolve overdue task | K10: Overdue remediation is blocking compliance progress | L10: A high-risk remediation is past due and still affects open controls. Reassign, update the deadline, or upload evidence to prevent score decay. | M10: Daily until acknowledged | N10: Critical | O10: 5 | P10: 5 | Q10: 5 | R10: =O10*2+P10*2+Q10 -> 25 | S10: =IF(R10>=22,"Critical",IF(R10>=18,"High",IF(R10>=12,"Medium","Low"))) -> Critical | T10: =IF(N10=S10,"Yes","Review") -> Yes | U10: =IF(S10="Critical",4,IF(S10="High",24,IF(S10="Medium",72,168))) -> 4 | V10: Product + Compliance Ops | W10: MVP | X10: =IF(ISNUMBER(SEARCH("In-app",F10)),1,0) -> 1 | Y10: =IF(ISNUMBER(SEARCH("Email",F10)),1,0) -> 1 | Z10: =IF(ISNUMBER(SEARCH("Slack",F10)),1,0) -> 0
A11: AI-010 | B11: Score | C11: Compliance score dropped materially | D11: Dashboard Monitoring | E11: Owner, Admin | F11: In-app, Email | G11: Overall or framework score drops by 5+ points week-over-week or after a new analysis run. | H11: Explain the drivers of decline and point to the fewest actions needed to recover the lost score. | I11: Suppress if the score change is already explained by an open acknowledged incident or one active critical alert. | J11: Review score drivers | K11: Compliance score fell 7 points this week | L11: The drop is mainly tied to expiring evidence and two new access-control findings. Replacing stale evidence may recover 3 points quickly. | M11: Max once per week per scope | N11: High | O11: 5 | P11: 4 | Q11: 4 | R11: =O11*2+P11*2+Q11 -> 22 | S11: =IF(R11>=22,"Critical",IF(R11>=18,"High",IF(R11>=12,"Medium","Low"))) -> Critical | T11: =IF(N11=S11,"Yes","Review") -> Review | U11: =IF(S11="Critical",4,IF(S11="High",24,IF(S11="Medium",72,168))) -> 4 | V11: Product + Analytics | W11: MVP | X11: =IF(ISNUMBER(SEARCH("In-app",F11)),1,0) -> 1 | Y11: =IF(ISNUMBER(SEARCH("Email",F11)),1,0) -> 1 | Z11: =IF(ISNUMBER(SEARCH("Slack",F11)),1,0) -> 0
A12: AI-011 | B12: Progress | C12: Framework milestone reached | D12: Dashboard Monitoring | E12: Owner, Admin, Analyst | F12: In-app | G12: A framework reaches a milestone such as 50%, 75%, or 90% control coverage. | H12: Celebrate progress and recommend the highest-leverage next controls to close. | I12: Suppress if user disabled celebratory notifications. | J12: See next best controls | K12: PCI DSS reached 75% control coverage | L12: Great progress. AI recommends focusing next on evidence refresh for access review and vendor management to move toward 90%. | M12: Per milestone | N12: Low | O12: 2 | P12: 1 | Q12: 5 | R12: =O12*2+P12*2+Q12 -> 11 | S12: =IF(R12>=22,"Critical",IF(R12>=18,"High",IF(R12>=12,"Medium","Low"))) -> Low | T12: =IF(N12=S12,"Yes","Review") -> Yes | U12: =IF(S12="Critical",4,IF(S12="High",24,IF(S12="Medium",72,168))) -> 168 | V12: Product | W12: MVP | X12: =IF(ISNUMBER(SEARCH("In-app",F12)),1,0) -> 1 | Y12: =IF(ISNUMBER(SEARCH("Email",F12)),1,0) -> 0 | Z12: =IF(ISNUMBER(SEARCH("Slack",F12)),1,0) -> 0
A13: AI-012 | B13: Adoption | C13: Compliance program appears stalled | D13: Program Adoption | E13: Owner, Admin | F13: Email, In-app | G13: No document uploads, task updates, or analysis runs for 14 days while open findings remain. | H13: Nudge with progress summary, unresolved blockers, and one recommended restart action. | I13: Suppress for dormant sandbox orgs or trial accounts with no frameworks enabled. | J13: Resume work | K13: Your compliance program looks inactive | L13: There are still 6 open findings, but no recent activity. AI suggests uploading refreshed policy evidence or assigning the top overdue remediation first. | M13: Weekly | N13: Medium | O13: 3 | P13: 3 | Q13: 4 | R13: =O13*2+P13*2+Q13 -> 16 | S13: =IF(R13>=22,"Critical",IF(R13>=18,"High",IF(R13>=12,"Medium","Low"))) -> Medium | T13: =IF(N13=S13,"Yes","Review") -> Yes | U13: =IF(S13="Critical",4,IF(S13="High",24,IF(S13="Medium",72,168))) -> 72 | V13: Growth + Product | W13: MVP | X13: =IF(ISNUMBER(SEARCH("In-app",F13)),1,0) -> 1 | Y13: =IF(ISNUMBER(SEARCH("Email",F13)),1,0) -> 1 | Z13: =IF(ISNUMBER(SEARCH("Slack",F13)),1,0) -> 0
... A19: AI-018 | B19: Vendor / Third Party | C19: Missing vendor security evidence | D19: AI Analysis → Risk Review | E19: Owner, Admin, Analyst | F19: In-app, Email digest | G19: AI detects a vendor-related control without supporting contract, questionnaire, or security documentation. | H19: Identify the vendor gap and recommend the exact type of evidence to request. | I19: Escalate only for high-risk vendors or controls mapped to active frameworks. | J19: Request vendor evidence | K19: Vendor security evidence missing for payment processor | L19: AI could not find a current questionnaire or contract evidence for a high-impact vendor. Request updated security documentation before the next audit review. | M19: Weekly digest or per critical vendor | N19: High | O19: 4 | P19: 3 | Q19: 4 | R19: =O19*2+P19*2+Q19 -> 18 | S19: =IF(R19>=22,"Critical",IF(R19>=18,"High",IF(R19>=12,"Medium","Low"))) -> High | T19: =IF(N19=S19,"Yes","Review") -> Yes | U19: =IF(S19="Critical",4,IF(S19="High",24,IF(S19="Medium",72,168))) -> 24 | V19: Compliance Ops | W19: Future | X19: =IF(ISNUMBER(SEARCH("In-app",F19)),1,0) -> 1 | Y19: =IF(ISNUMBER(SEARCH("Email",F19)),1,0) -> 1 | Z19: =IF(ISNUMBER(SEARCH("Slack",F19)),1,0) -> 0

Sheet Summary
A1: Notification Portfolio Summary
A3: Total notifications | B3: =COUNTA('Notification Catalog'!$A$2:$A$19) -> 18 | D3: By channel
A4: MVP notifications | B4: =COUNTIF('Notification Catalog'!$W$2:$W$19,"MVP") -> 15 | D4: In-app | E4: =SUM('Notification Catalog'!$X$2:$X$19) -> 18
A5: Future notifications | B5: =COUNTIF('Notification Catalog'!$W$2:$W$19,"Future") -> 3 | D5: Email | E5: =SUM('Notification Catalog'!$Y$2:$Y$19) -> 16
A6: Needs priority review | B6: =COUNTIF('Notification Catalog'!$T$2:$T$19,"Review") -> 3 | D6: Slack | E6: =SUM('Notification Catalog'!$Z$2:$Z$19) -> 1
A8: By priority
A9: Critical | B9: =COUNTIF('Notification Catalog'!$N$2:$N$19,"Critical") -> 2 | D9: By category
A10: High | B10: =COUNTIF('Notification Catalog'!$N$2:$N$19,"High") -> 8 | D10: Adoption | E10: =COUNTIF('Notification Catalog'!$B$2:$B$19,"Adoption") -> 1
A11: Medium | B11: =COUNTIF('Notification Catalog'!$N$2:$N$19,"Medium") -> 6 | D11: Analysis | E11: =COUNTIF('Notification Catalog'!$B$2:$B$19,"Analysis") -> 2
A12: Low | B12: =COUNTIF('Notification Catalog'!$N$2:$N$19,"Low") -> 2 | D12: Auditor Access | E12: =COUNTIF('Notification Catalog'!$B$2:$B$19,"Auditor Access") -> 1
D13: Evidence | E13: =COUNTIF('Notification Catalog'!$B$2:$B$19,"Evidence") -> 4
D14: Framework Update | E14: =COUNTIF('Notification Catalog'!$B$2:$B$19,"Framework Update") -> 1
D15: Progress | E15: =COUNTIF('Notification Catalog'!$B$2:$B$19,"Progress") -> 1
D16: Remediation | E16: =COUNTIF('Notification Catalog'!$B$2:$B$19,"Remediation") -> 3
D17: Reporting | E17: =COUNTIF('Notification Catalog'!$B$2:$B$19,"Reporting") -> 1
D18: Risk | E18: =COUNTIF('Notification Catalog'!$B$2:$B$19,"Risk") -> 2
D19: Score | E19: =COUNTIF('Notification Catalog'!$B$2:$B$19,"Score") -> 1
D20: Vendor / Third Party | E20: =COUNTIF('Notification Catalog'!$B$2:$B$19,"Vendor / Third Party") -> 1

Sheet Message Templates
A1: Template ID | B1: Notification Category | C1: Channel | D1: Tone | E1: Subject / Title | F1: Body | G1: Default CTA | H1: Personalization Tokens | I1: Usage Notes
A2: TPL-001 | B2: Risk | C2: Email | D2: Direct / urgent | E2: Critical compliance gap detected | F2: AI found a high-impact control gap that could materially affect audit readiness. Review the finding details, owner, and recommended remediation steps now. | G2: Open critical finding | H2: {{org_name}}, {{framework}}, {{control_title}}, {{severity}} | I2: Use for critical and high-severity events.
A3: TPL-002 | B3: Evidence | C3: In-app | D3: Action-oriented | E3: Evidence expires soon | F3: This evidence supports active controls and will expire soon. Replace or refresh it to avoid a drop in control coverage. | G3: Refresh evidence | H3: {{doc_name}}, {{days_left}}, {{framework}} | I3: Best for 7-day and 30-day expiry reminders.
A4: TPL-003 | B4: Remediation | C4: Email | D4: Accountable | E4: Task due soon | F4: Your remediation task is approaching its deadline. AI recommends the fastest next proof artifact to move this finding into review. | G4: Update task | H4: {{task_name}}, {{due_date}}, {{finding_title}} | I4: Send daily only when meaningful progress is absent.
A5: TPL-004 | B5: Score | C5: Email | D5: Executive | E5: Compliance score dropped | F5: Your compliance score declined. AI identified the likely drivers and the fewest actions needed to recover the lost score. | G5: Review score drivers | H5: {{org_name}}, {{score_delta}}, {{framework}} | I5: Best for owner/admin stakeholders.
A6: TPL-005 | B6: Reporting | C6: In-app | D6: Informative | E6: Report ready | F6: Your requested report is complete. Review the summary and validate high-risk items before sharing externally. | G6: Open report | H6: {{report_name}}, {{generated_at}} | I6: Use when report generation completes.
A7: TPL-006 | B7: Adoption | C7: Email | D7: Coaching | E7: Compliance program appears stalled | F7: There has been little recent activity while open findings remain. AI suggests a simple restart action to regain momentum. | G7: Resume work | H7: {{open_findings}}, {{recommended_action}} | I7: Use sparingly; weekly at most.
A8: TPL-007 | B8: Auditor Access | C8: Email | D8: Professional | E8: Auditor access expires soon | F8: An external auditor link is about to expire. Extend access only if the review is still active. | G8: Manage auditor access | H8: {{report_name}}, {{expires_at}} | I8: Avoid sending if the link was never used.
