Workbook
Name Large_yearly_subscription: 'Input data'!$B$5
Name Medium_yearly_subscription: 'Input data'!$B$4
Name Total_entities_purchasing: #REF!
Name Small_yearly_subscription: 'Input data'!$B$3
Name CAGR: 'Input data'!$B$6
Name Average_purchase_price: #REF!
Name Average_purchases_per_year: #REF!

Sheet TAMSAMSOM
A1: Year | B1: 1 | C1: =B1+1 -> 2 | D1: =C1+1 -> 3 | E1: =D1+1 -> 4 | F1: =E1+1 -> 5
A2: CAGR | C2: =CAGR -> 0.215 | D2: =C2 -> 0.215 | E2: =D2 -> 0.215 | F2: =E2 -> 0.215
A4: Total small entities purchasing | B4: =sum('Input data'!B$14:B$17) -> 21030 | C4: =B4*(1+C$2) -> 25551.45 | D4: =C4*(1+D$2) -> 31045.012 | E4: =D4*(1+E$2) -> 37719.689 | F4: =E4*(1+F$2) -> 45829.422
A5: Total medium entities purchasing | B5: =sum('Input data'!C$14:C$17) -> 12220 | C5: =B5*(1+C$2) -> 14847.3 | D5: =C5*(1+D$2) -> 18039.469 | E5: =D5*(1+E$2) -> 21917.955 | F5: =E5*(1+F$2) -> 26630.316
A6: Total large entities purchasing | B6: =sum('Input data'!D$14:D$17) -> 6225 | C6: =B6*(1+C$2) -> 7563.375 | D6: =C6*(1+D$2) -> 9189.5006 | E6: =D6*(1+E$2) -> 11165.243 | F6: =E6*(1+F$2) -> 13565.771
A7: Small revenue | B7: =Small_yearly_subscription*B4 -> 210300000 | C7: =Small_yearly_subscription*C4 -> 255514500 | D7: =Small_yearly_subscription*D4 -> 3.1045012e+08 | E7: =Small_yearly_subscription*E4 -> 3.7719689e+08 | F7: =Small_yearly_subscription*F4 -> 4.5829422e+08
A8: Medium revenue | B8: =Medium_yearly_subscription*B5 -> 611000000 | C8: =Medium_yearly_subscription*C5 -> 742365000 | D8: =Medium_yearly_subscription*D5 -> 901973475 | E8: =Medium_yearly_subscription*E5 -> 1095897772 | F8: =Medium_yearly_subscription*F5 -> 1331515793
A9: Large revenue | B9: =Large_yearly_subscription*B6 -> 498000000 | C9: =Large_yearly_subscription*C6 -> 605070000 | D9: =Large_yearly_subscription*D6 -> 735160050 | E9: =Large_yearly_subscription*E6 -> 8.9321946e+08 | F9: =Large_yearly_subscription*F6 -> 1085261645
A10: TAM | B10: =sum(B7:B9) -> 1319300000 | C10: =sum(C7:C9) -> 1602949500 | D10: =sum(D7:D9) -> 1947583643 | E10: =sum(E7:E9) -> 2366314126 | F10: =sum(F7:F9) -> 2875071663
A12: Niche | B12: US (Fin/Hlth) | C12: US (Fin/Hlth) | D12: US/UK/EU (Fin/Hlth/Hsp/Rtl) | E12: Global | F12: Global
B13: Niche #1 | C13: Niche #1 | D13: Niche #1, 2, 3 | E13: Niche #1, 2, 3, 4 | F13: Niche #1, 2, 3, 4
A14: SAM expansion growth rate | C14: =((C34/(1+C2))-B34)/B34 -> 0 | D14: =((D34/(1+D2))-C34)/C34 -> 0.72431958 | E14: =((E34/(1+E2))-D34)/D34 -> 0.67935336 | F14: =((F34/(1+F2))-E34)/E34 -> 0
A15: Total small entities purchasing | B15: =(B18*B$21)+(B22*B$25)+(B26*B$29)+(B30*B$33) -> 8900 | C15: =(C18*C$21)+(C22*C$25)+(C26*C$29)+(C30*C$33) -> 10813.5 | D15: =(D18*D$21)+(D22*D$25)+(D26*D$29)+(D30*D$33) -> 20091.422 | E15: =(E18*E$21)+(E22*E$25)+(E26*E$29)+(E30*E$33) -> 37719.689 | F15: =(F18*F$21)+(F22*F$25)+(F26*F$29)+(F30*F$33) -> 45829.422
A16: Total medium entities purchasing | B16: =(B19*B$21)+(B23*B$25)+(B27*B$29)+(B31*B$33) -> 4580 | C16: =(C19*C$21)+(C23*C$25)+(C27*C$29)+(C31*C$33) -> 5564.7 | D16: =(D19*D$21)+(D23*D$25)+(D27*D$29)+(D31*D$33) -> 11204.548 | E16: =(E19*E$21)+(E23*E$25)+(E27*E$29)+(E31*E$33) -> 21917.955 | F16: =(F19*F$21)+(F23*F$25)+(F27*F$29)+(F31*F$33) -> 26630.316
A17: Total large entities purchasing | B17: =(B20*B$21)+(B24*B$25)+(B28*B$29)+(B32*B$33) -> 1720 | C17: =(C20*C$21)+(C24*C$25)+(C28*C$29)+(C32*C$33) -> 2089.8 | D17: =(D20*D$21)+(D24*D$25)+(D28*D$29)+(D32*D$33) -> 4982.2594 | E17: =(E20*E$21)+(E24*E$25)+(E28*E$29)+(E32*E$33) -> 11165.243 | F17: =(F20*F$21)+(F24*F$25)+(F28*F$29)+(F32*F$33) -> 13565.771
A18: Niche #1 small entities purchasing | B18: ='Input data'!B$14 -> 8900 | C18: =B18*(1+C$2) -> 10813.5 | D18: =C18*(1+D$2) -> 13138.403 | E18: =D18*(1+E$2) -> 15963.159 | F18: =E18*(1+F$2) -> 19395.238
A19: Niche #1 medium entities purchasing | B19: ='Input data'!C$14 -> 4580 | C19: =B19*(1+C$2) -> 5564.7 | D19: =C19*(1+D$2) -> 6761.1105 | E19: =D19*(1+E$2) -> 8214.7493 | F19: =E19*(1+F$2) -> 9980.9203
A20: Niche #1 large entities purchasing | B20: ='Input data'!D$14 -> 1720 | C20: =B20*(1+C$2) -> 2089.8 | D20: =C20*(1+D$2) -> 2539.107 | E20: =D20*(1+E$2) -> 3085.015 | F20: =E20*(1+F$2) -> 3748.2932
A21: Niche #1 % in year | B21: =MAX(0,(12*B$1) - MAX('Input data'!$C8, 12*(B$1-1) + 1) + 1) / 12 -> 1 | C21: =MAX(0,(12*C$1) - MAX('Input data'!$C8, 12*(C$1-1) + 1) + 1) / 12 -> 1 | D21: =MAX(0,(12*D$1) - MAX('Input data'!$C8, 12*(D$1-1) + 1) + 1) / 12 -> 1 | E21: =MAX(0,(12*E$1) - MAX('Input data'!$C8, 12*(E$1-1) + 1) + 1) / 12 -> 1 | F21: =MAX(0,(12*F$1) - MAX('Input data'!$C8, 12*(F$1-1) + 1) + 1) / 12 -> 1
A22: Niche #2 small entities purchasing | B22: ='Input data'!B$15 -> 285 | C22: =B22*(1+C$2) -> 346.275 | D22: =C22*(1+D$2) -> 420.72413 | E22: =D22*(1+E$2) -> 511.17981 | F22: =E22*(1+F$2) -> 621.08347
A23: Niche #2 medium entities purchasing | B23: ='Input data'!C$15 -> 245 | C23: =B23*(1+C$2) -> 297.675 | D23: =C23*(1+D$2) -> 361.67512 | E23: =D23*(1+E$2) -> 439.43528 | F23: =E23*(1+F$2) -> 533.91386
A24: Niche #2 large entities purchasing | B24: ='Input data'!D$15 -> 145 | C24: =B24*(1+C$2) -> 176.175 | D24: =C24*(1+D$2) -> 214.05263 | E24: =D24*(1+E$2) -> 260.07394 | F24: =E24*(1+F$2) -> 315.98984
A25: Niche #2 % in year | B25: =MAX(0,(12*B$1) - MAX('Input data'!$C9, 12*(B$1-1) + 1) + 1) / 12 -> 0 | C25: =MAX(0,(12*C$1) - MAX('Input data'!$C9, 12*(C$1-1) + 1) + 1) / 12 -> 0 | D25: =MAX(0,(12*D$1) - MAX('Input data'!$C9, 12*(D$1-1) + 1) + 1) / 12 -> 1 | E25: =MAX(0,(12*E$1) - MAX('Input data'!$C9, 12*(E$1-1) + 1) + 1) / 12 -> 1 | F25: =MAX(0,(12*F$1) - MAX('Input data'!$C9, 12*(F$1-1) + 1) + 1) / 12 -> 1
A26: Niche #3 small entities purchasing | B26: ='Input data'!B$16 -> 4425 | C26: =B26*(1+C$2) -> 5376.375 | D26: =C26*(1+D$2) -> 6532.2956 | E26: =D26*(1+E$2) -> 7936.7392 | F26: =E26*(1+F$2) -> 9643.1381
A27: Niche #3 medium entities purchasing | B27: ='Input data'!C$16 -> 2765 | C27: =B27*(1+C$2) -> 3359.475 | D27: =C27*(1+D$2) -> 4081.7621 | E27: =D27*(1+E$2) -> 4959.341 | F27: =E27*(1+F$2) -> 6025.5993
A28: Niche #3 large entities purchasing | B28: ='Input data'!D$16 -> 1510 | C28: =B28*(1+C$2) -> 1834.65 | D28: =C28*(1+D$2) -> 2229.0997 | E28: =D28*(1+E$2) -> 2708.3562 | F28: =E28*(1+F$2) -> 3290.6528
A29: Niche #3 % in year | B29: =MAX(0,(12*B$1) - MAX('Input data'!$C10, 12*(B$1-1) + 1) + 1) / 12 -> 0 | C29: =MAX(0,(12*C$1) - MAX('Input data'!$C10, 12*(C$1-1) + 1) + 1) / 12 -> 0 | D29: =MAX(0,(12*D$1) - MAX('Input data'!$C10, 12*(D$1-1) + 1) + 1) / 12 -> 1 | E29: =MAX(0,(12*E$1) - MAX('Input data'!$C10, 12*(E$1-1) + 1) + 1) / 12 -> 1 | F29: =MAX(0,(12*F$1) - MAX('Input data'!$C10, 12*(F$1-1) + 1) + 1) / 12 -> 1
A30: Niche #4 small entities purchasing | B30: ='Input data'!B$17 -> 7420 | C30: =B30*(1+C$2) -> 9015.3 | D30: =C30*(1+D$2) -> 10953.59 | E30: =D30*(1+E$2) -> 13308.611 | F30: =E30*(1+F$2) -> 16169.963
A31: Niche #4 medium entities purchasing | B31: ='Input data'!C$17 -> 4630 | C31: =B31*(1+C$2) -> 5625.45 | D31: =C31*(1+D$2) -> 6834.9218 | E31: =D31*(1+E$2) -> 8304.4299 | F31: =E31*(1+F$2) -> 10089.882
A32: Niche #4 large entities purchasing | B32: ='Input data'!D$17 -> 2850 | C32: =B32*(1+C$2) -> 3462.75 | D32: =C32*(1+D$2) -> 4207.2413 | E32: =D32*(1+E$2) -> 5111.7981 | F32: =E32*(1+F$2) -> 6210.8347
A33: Niche #4 % in year | B33: =MAX(0,(12*B$1) - MAX('Input data'!$C11, 12*(B$1-1) + 1) + 1) / 12 -> 0 | C33: =MAX(0,(12*C$1) - MAX('Input data'!$C11, 12*(C$1-1) + 1) + 1) / 12 -> 0 | D33: =MAX(0,(12*D$1) - MAX('Input data'!$C11, 12*(D$1-1) + 1) + 1) / 12 -> 0 | E33: =MAX(0,(12*E$1) - MAX('Input data'!$C11, 12*(E$1-1) + 1) + 1) / 12 -> 1 | F33: =MAX(0,(12*F$1) - MAX('Input data'!$C11, 12*(F$1-1) + 1) + 1) / 12 -> 1
A34: SAM | B34: =(Small_yearly_subscription*B15)+(Medium_yearly_subscription*B16)+(Large_yearly_subscription*B17) -> 455600000 | C34: =(Small_yearly_subscription*C15)+(Medium_yearly_subscription*C16)+(Large_yearly_subscription*C17) -> 553554000 | D34: =(Small_yearly_subscription*D15)+(Medium_yearly_subscription*D16)+(Large_yearly_subscription*D17) -> 1159722360 | E34: =(Small_yearly_subscription*E15)+(Medium_yearly_subscription*E16)+(Large_yearly_subscription*E17) -> 2366314126 | F34: =(Small_yearly_subscription*F15)+(Medium_yearly_subscription*F16)+(Large_yearly_subscription*F17) -> 2875071663
A35: SAM/TAM | B35: =B34/B10 -> 0.34533465 | C35: =C34/C10 -> 0.34533465 | D35: =D34/D10 -> 0.59546729 | E35: =E34/E10 -> 1 | F35: =F34/F10 -> 1
A37: Revenue | B37: ='Input data'!B18 -> 7924992.1 | C37: ='Input data'!B19 -> 84628803 | D37: ='Input data'!B20 -> 4.4144914e+08 | E37: ='Input data'!B21 -> 8.7304622e+08 | F37: ='Input data'!B22 -> 1249684607
A38: SOM | B38: =B37 -> 7924992.1 | C38: =C37 -> 84628803 | D38: =D37 -> 4.4144914e+08 | E38: =E37 -> 8.7304622e+08 | F38: =F37 -> 1249684607
A39: SOM/SAM | B39: =B38/B34 -> 0.017394627 | C39: =C38/C34 -> 0.15288265 | D39: =D38/D34 -> 0.38065071 | E39: =E38/E34 -> 0.36894773 | F39: =F38/F34 -> 0.43466207
A40: SOM/TAM | B40: =B38/B10 -> 0.0060069674 | C40: =C38/C10 -> 0.052795676 | D40: =D38/D10 -> 0.22666505 | E40: =E38/E10 -> 0.36894773 | F40: =F38/F10 -> 0.43466207

Sheet Input data
A1: Name | B1: Value | E1: Description | F1: Link
A2: Currency | B2: USD ($)
A3: Small yearly subscription | B3: =IFERROR(__xludf.DUMMYFUNCTION("importrange(""https://docs.google.com/spreadsheets/d/1_Jk8MnezfCHs0fRnt14hOzmioutdmQbEiC11p-8uoBM"",""Business model!B3"")"),10000.0) -> 10000 | E3: Direct from business plan | F3: Business Plan
A4: Medium yearly subscription | B4: =IFERROR(__xludf.DUMMYFUNCTION("importrange(""https://docs.google.com/spreadsheets/d/1_Jk8MnezfCHs0fRnt14hOzmioutdmQbEiC11p-8uoBM"",""Business model!B5"")"),50000.0) -> 50000
A5: Large yearly subscription | B5: =IFERROR(__xludf.DUMMYFUNCTION("importrange(""https://docs.google.com/spreadsheets/d/1_Jk8MnezfCHs0fRnt14hOzmioutdmQbEiC11p-8uoBM"",""Business model!B7"")"),80000.0) -> 80000
A6: CAGR | B6: 0.215 | E6: Average cross industry estimates
C7: Start month
A8: Niche #1 | B8: US (Financial/Healthcare) | C8: 1
A9: Niche #2 | B9: US (Hospitality/Retail) | C9: 25
A10: Niche #3 | B10: Europe (Fin/Health/Hosp./Retail) | C10: 25
A11: Niche #4 | B11: ROW (Fin/Health/Hosp./Retail) | C11: 37 | E11: Canada, Asia, Middle East, South America & Africa
B13: Small | C13: Mid-tier | D13: Large
A14: Niche #1 entities purchasing | B14: =(14800*0.6)+(400*0.05) -> 8900 | C14: =(14800*0.3)+(400*0.35) -> 4580 | D14: =(14800*0.1)+(400*0.6) -> 1720 | E14: 14,800 banks, credit unions, insurers etc. 400 parent health providers (6,000 hospitals)
A15: Niche #2 entities purchasing | B15: =(500*0.5)+(100*0.2)+(75*0.2) -> 285 | C15: =(500*0.35)+(100*0.4)+(75*0.4) -> 245 | D15: =(500*0.15)+(100*0.4)+(75*0.4) -> 145 | E15: ~180,000 chains with 10+ locations (subset = ~500 restaurant chains, ~100 major retailers, ~50–100 hotel groups).
A16: Niche #3 entities purchasing | B16: =(7000*0.6)+(1000*0.05)+(700*0.25) -> 4425 | C16: =(7000*0.3)+(1000*0.35)+(700*0.45) -> 2765 | D16: =(7000*0.1)+(1000*0.6)+(700*0.3) -> 1510 | E16: ~6,300–7,300 entities (≈5,300 banks + 1–2k insurers) ~10,465 hospitals (estimating 1,000 parent health providers) ~600–800 large parent chains
A17: Niche #4 entities purchasing | B17: =300+320+650+4000+1100+1050 -> 7420 | C17: =250+230+450+2500+700+500 -> 4630 | D17: =250+150+300+1500+400+250 -> 2850 | E17: Canada: 300/250/250 Oceana: 320/230/150 Middle East: 650/450/300 Asia: 4,000/2,500/1,500 South America: 1,100/700/400 Africa: 1,050/500/250
A18: Y1 Revenue | B18: =IFERROR(__xludf.DUMMYFUNCTION("importrange(""https://docs.google.com/spreadsheets/d/1_Jk8MnezfCHs0fRnt14hOzmioutdmQbEiC11p-8uoBM"",""Summary!C27"")"),7924992.114286357) -> 7924992.1 | E18: Direct from business plan | F18: Business Plan
A19: Y2 Revenue | B19: =IFERROR(__xludf.DUMMYFUNCTION("importrange(""https://docs.google.com/spreadsheets/d/1_Jk8MnezfCHs0fRnt14hOzmioutdmQbEiC11p-8uoBM"",""Summary!D27"")"),8.462880295585136E7) -> 84628803
A20: Y3 Revenue | B20: =IFERROR(__xludf.DUMMYFUNCTION("importrange(""https://docs.google.com/spreadsheets/d/1_Jk8MnezfCHs0fRnt14hOzmioutdmQbEiC11p-8uoBM"",""Summary!E27"")"),4.414491371088814E8) -> 4.4144914e+08
A21: Y4 Revenue | B21: =IFERROR(__xludf.DUMMYFUNCTION("importrange(""https://docs.google.com/spreadsheets/d/1_Jk8MnezfCHs0fRnt14hOzmioutdmQbEiC11p-8uoBM"",""Summary!F27"")"),8.730462223493335E8) -> 8.7304622e+08
A22: Y5 Revenue | B22: =IFERROR(__xludf.DUMMYFUNCTION("importrange(""https://docs.google.com/spreadsheets/d/1_Jk8MnezfCHs0fRnt14hOzmioutdmQbEiC11p-8uoBM"",""Summary!G27"")"),1.2496846074975886E9) -> 1249684607
