Workbook

Sheet 📊 Dashboard
B1: EVOLVE EDGE | AI Risk Assessment Dashboard
B2: Enterprise AI Governance Tracker · Auto-calculated from Assessment Tracker
B4: Total AI Systems | E4: High Risk Systems | H4: Medium Risk Systems | K4: Low Risk Systems | N4: Overdue Reviews
B5: ='📋 Assessment Tracker'!B4 | E5: =COUNTIF('📋 Assessment Tracker'!J5:J200,"High")+COUNTIF('📋 Assessment Tracker'!J5:J200,"Critical") | H5: =COUNTIF('📋 Assessment Tracker'!J5:J200,"Medium") | K5: =COUNTIF('📋 Assessment Tracker'!J5:J200,"Low") | N5: =COUNTIF('📋 Assessment Tracker'!P5:P200,"Overdue")
B6: Live count ↑ | E6: Live count ↑ | H6: Live count ↑ | K6: Live count ↑ | N6: Live count ↑
B8: RISK SUMMARY BY DEPARTMENT | J8: HOW TO USE THIS TRACKER
B9: Department | C9: Total Systems | D9: Low | E9: Medium | F9: High | G9: Critical | H9: Avg Score | J9: 1. Open the '📋 Assessment Tracker' sheet
B10: Finance | C10: 0 | D10: 0 | E10: 0 | F10: 0 | G10: 0 | H10: 0 | J10: 2. Add each AI system as a new row (Row 5 onwards)
B11: HR / People | C11: 0 | D11: 0 | E11: 0 | F11: 0 | G11: 0 | H11: 0 | J11: 3. Fill in all columns — dropdowns guide valid values
B12: Customer Service | C12: 0 | D12: 0 | E12: 0 | F12: 0 | G12: 0 | H12: 0 | J12: 4. Risk Score auto-calculates (Likelihood × Impact)
B13: Operations | C13: 0 | D13: 0 | E13: 0 | F13: 0 | G13: 0 | H13: 0 | J13: 5. Status indicators update automatically via formulas
B14: IT / Technology | C14: 0 | D14: 0 | E14: 0 | F14: 0 | G14: 0 | H14: 0 | J14: 6. This Dashboard updates automatically as you add data
B15: Legal / Compliance | C15: 0 | D15: 0 | E15: 0 | F15: 0 | G15: 0 | H15: 0 | J15: 7. Use '📁 Risk Register' to log incidents & changes
B16: Marketing | C16: 0 | D16: 0 | E16: 0 | F16: 0 | G16: 0 | H16: 0 | J16: 8. Review and update at least quarterly
B18: STATUS INDICATOR LEGEND | J18: ⚠️ Do not delete rows 1–4 in any sheet
B19: 🟢 Low (1–4) | D19: 🟡 Medium (5–12) | F19: 🔴 High (13–25) | H19: 🟣 Overdue | J19: ⚠️ Protect sheets before distributing
B20: Accept and monitor annually | D20: Mitigate and monitor quarterly | F20: Immediate action required | H20: Review date has passed

Sheet 📋 Assessment Tracker
A1: EVOLVE EDGE | AI Risk Assessment Tracker
A2: Instructions: Fill one row per AI system. Columns D & E are mandatory. Risk Score (Col I) calculates automatically. Status (Col P) auto-updates.
A4: Total AI Systems Registered: | B4: =COUNTA(B5:B1000)
A5: # | B5: AI System Name | C5: Version / Model | D5: Department | E5: Business Owner | F5: Technical Owner | G5: Purpose / Use Case | H5: Likelihood (1–5) | I5: Impact (1–5) | J5: Risk Score (Auto) | K5: Risk Level | L5: Risk Category | M5: Mitigation Summary | N5: Mitigation Status | O5: Residual Risk | P5: Review Status | Q5: Last Reviewed | R5: Next Review Due | S5: Notes / Evidence
A6: 1 | B6: Customer Chatbot | C6: v2.1 | D6: Customer Service | E6: Jane Smith | F6: Tom Lee | G6: Handles tier-1 support queries | H6: 2 | I6: 2 | J6: =IF(H6*I6=0,"",H6*I6) | K6: =IF(J6="","",IF(J6<=4,"Low",IF(J6<=12,"Medium","High"))) | L6: Operational | M6: Monitor intent confidence monthly | N6: Active | O6: Low | P6: Current | Q6: 19/03/2026 | R6: 17/06/2026 | S6: Deployed Jan 2024
A7: 2 | B7: Credit Scoring Model | C7: XGB-3.4 | D7: Finance | E7: David Brown | F7: Priya Patel | G7: Automates loan approval decisions | H7: 4 | I7: 3 | J7: =IF(H7*I7=0,"",H7*I7) | K7: =IF(J7="","",IF(J7<=4,"Low",IF(J7<=12,"Medium","High"))) | L7: Bias & Fairness | M7: Fairness audit Q1; SHAP explainability layer active | N7: In Progress | O7: Medium | P7: Current | Q7: 17/02/2026 | R7: 18/05/2026 | S7: FCA notified
A8: 3 | B8: HR Screening Tool | C8: ResumeScan AI | D8: HR / People | E8: Claire Moss | F8: James Wu | G8: Pre-screens CVs for shortlisting | H8: 4 | I8: 4 | J8: =IF(H8*I8=0,"",H8*I8) | K8: =IF(J8="","",IF(J8<=4,"Low",IF(J8<=12,"Medium","High"))) | L8: Bias & Fairness | M8: Re-weighted training data; human review for all declines | N8: Completed | O8: High | P8: Current | Q8: 18/01/2026 | R8: 18/04/2026 | S8: Ethics board review pending
A9: 4 | B9: Demand Forecasting | C9: Prophet v1.2 | D9: Operations | E9: Mark Evans | F9: Sara Kim | G9: Predicts product demand for inventory | H9: 2 | I9: 3 | J9: =IF(H9*I9=0,"",H9*I9) | K9: =IF(J9="","",IF(J9<=4,"Low",IF(J9<=12,"Medium","High"))) | L9: Model Robustness | M9: Drift monitoring active; retrain threshold set at 5% MAPE increase | N9: Active | O9: Low | P9: Due Soon | Q9: 19/12/2025 | R9: 19/03/2026
A10: 5 | B10: Fraud Detection | C10: IsolForest-2 | D10: Finance | E10: David Brown | F10: Priya Patel | G10: Real-time transaction anomaly detection | H10: 3 | I10: 5 | J10: =IF(H10*I10=0,"",H10*I10) | K10: =IF(J10="","",IF(J10<=4,"Low",IF(J10<=12,"Medium","High"))) | L10: Cybersecurity | M10: Red-team quarterly; API auth enforced; kill-switch tested | N10: Active | O10: High | P10: Current | Q10: 19/03/2026 | R10: 17/06/2026 | S10: PCI-DSS scope
A11: 6 | J11: =IF(H11*I11=0,"",H11*I11) | K11: =IF(J11="","",IF(J11<=4,"Low",IF(J11<=12,"Medium","High")))
A12: 7 | J12: =IF(H12*I12=0,"",H12*I12) | K12: =IF(J12="","",IF(J12<=4,"Low",IF(J12<=12,"Medium","High")))
A13: 8 | J13: =IF(H13*I13=0,"",H13*I13) | K13: =IF(J13="","",IF(J13<=4,"Low",IF(J13<=12,"Medium","High")))
A14: 9 | J14: =IF(H14*I14=0,"",H14*I14) | K14: =IF(J14="","",IF(J14<=4,"Low",IF(J14<=12,"Medium","High")))
A15: 10 | J15: =IF(H15*I15=0,"",H15*I15) | K15: =IF(J15="","",IF(J15<=4,"Low",IF(J15<=12,"Medium","High")))
A16: 11 | J16: =IF(H16*I16=0,"",H16*I16) | K16: =IF(J16="","",IF(J16<=4,"Low",IF(J16<=12,"Medium","High")))
A17: 12 | J17: =IF(H17*I17=0,"",H17*I17) | K17: =IF(J17="","",IF(J17<=4,"Low",IF(J17<=12,"Medium","High")))
A18: 13 | J18: =IF(H18*I18=0,"",H18*I18) | K18: =IF(J18="","",IF(J18<=4,"Low",IF(J18<=12,"Medium","High")))
A19: 14 | J19: =IF(H19*I19=0,"",H19*I19) | K19: =IF(J19="","",IF(J19<=4,"Low",IF(J19<=12,"Medium","High")))
A20: 15 | J20: =IF(H20*I20=0,"",H20*I20) | K20: =IF(J20="","",IF(J20<=4,"Low",IF(J20<=12,"Medium","High")))
A21: 16 | J21: =IF(H21*I21=0,"",H21*I21) | K21: =IF(J21="","",IF(J21<=4,"Low",IF(J21<=12,"Medium","High")))
A22: 17 | J22: =IF(H22*I22=0,"",H22*I22) | K22: =IF(J22="","",IF(J22<=4,"Low",IF(J22<=12,"Medium","High")))
... A25: 20 | J25: =IF(H25*I25=0,"",H25*I25) | K25: =IF(J25="","",IF(J25<=4,"Low",IF(J25<=12,"Medium","High")))

Sheet 📁 Risk Register
A1: EVOLVE EDGE | AI Risk Register — Incident & Change Log
A2: Log every risk event, model change, audit finding, or review action. Each row = one event.
A4: # | B4: Date | C4: AI System | D4: Event Type | E4: Risk Category | F4: Description | G4: Severity | H4: Reported By | I4: Assigned To | J4: Action Taken | K4: Status | L4: Root Cause | M4: Resolution Date | N4: Lesson Learned | O4: Linked Risk Score | P4: Sign-off
A5: 1 | B5: 15/01/2025 | C5: Customer Chatbot | D5: Model Drift | E5: Operational | F5: Intent classification accuracy dropped from 91% to 83% after traffic spike | G5: Medium | H5: Tom Lee | I5: Tom Lee | J5: Retrained model on Q4 2024 data; re-deployed | K5: Resolved | L5: Training data did not reflect seasonal language shifts | M5: 28/01/2025 | N5: Implement automated drift alert at <85% accuracy | O5: 9 | P5: Jane Smith
A6: 2 | B6: 03/02/2025 | C6: Credit Scoring Model | D6: Bias Finding | E6: Bias & Fairness | F6: Internal audit found 12% approval rate disparity between demographic groups | G6: High | H6: External Auditor | I6: Priya Patel | J6: Applied Fairlearn re-weighting; added SHAP output to decline letters | K6: In Progress | L6: Original training data over-represented one demographic segment | M6: 28/02/2025 | N6: Include fairness metrics in all future model validation packs | O6: 9 | P6: David Brown
A7: 3 | B7: 20/02/2025 | C7: HR Screening Tool | D7: Ethics Review | E7: Bias & Fairness | F7: Ethics committee flagged CV screening model for potential age bias in shortlisting | G7: High | H7: Claire Moss | I7: James Wu | J7: Suspended auto-shortlisting; added human review step; retraining scheduled | K7: Open | L7: Model penalised career gaps disproportionately affecting older candidates | O7: 20 | P7: Ethics Committee
A8: 4
A9: 5
A10: 6
A11: 7
A12: 8
A13: 9
A14: 10
A15: 11
A16: 12
A17: 13
A18: 14
A19: 15
... A27: 23

Sheet 📅 Review Calendar
A1: EVOLVE EDGE | AI System Review Calendar
A2: Track scheduled review dates for all AI systems. Green = Current | Amber = Due Soon | Red = Overdue
A4: AI System | B4: Risk Level | C4: Review Cycle | D4: Q1 Review | E4: Q2 Review | F4: Q3 Review | G4: Q4 Review | H4: Q1 Status | I4: Q2 Status | J4: Q3 Status | K4: Q4 Status | L4: Annual Review | M4: Reviewer | N4: Notes
A5: Customer Chatbot | B5: Low | C5: Annual | D5: — | E5: — | F5: — | G5: Dec 2025 | H5: — | I5: — | J5: — | K5: Due | L5: Dec 2025 | M5: Tom Lee
A6: Credit Scoring Model | B6: Medium | C6: Quarterly | D6: Mar 2025 | E6: Jun 2025 | F6: Sep 2025 | G6: Dec 2025 | H6: Completed | I6: Scheduled | J6: Scheduled | K6: Scheduled | L6: Dec 2025 | M6: Priya Patel | N6: FCA reporting linked
A7: HR Screening Tool | B7: High | C7: Quarterly | D7: Mar 2025 | E7: Jun 2025 | F7: Sep 2025 | G7: Dec 2025 | H7: Overdue | I7: Scheduled | J7: Scheduled | K7: Scheduled | L7: Dec 2025 | M7: James Wu | N7: Ethics board sign-off needed
A8: Demand Forecasting | B8: Low | C8: Annual | D8: — | E8: — | F8: — | G8: Nov 2025 | H8: — | I8: — | J8: — | K8: Scheduled | L8: Nov 2025 | M8: Sara Kim
A9: Fraud Detection | B9: High | C9: Quarterly | D9: Feb 2025 | E9: May 2025 | F9: Aug 2025 | G9: Nov 2025 | H9: Completed | I9: Scheduled | J9: Scheduled | K9: Scheduled | L9: Nov 2025 | M9: Priya Patel | N9: Red-team Q2

Sheet 📖 Reference
A1: EVOLVE EDGE | Reference Tables — Risk Matrix, Scales & Dropdown Lists
A3: 5×5 Risk Matrix (Likelihood rows × Impact columns) | I3: Valid Dropdown Values
B4: 1 Negligible | C4: 2 Minor | D4: 3 Moderate | E4: 4 Major | F4: 5 Critical | I4: Department
A5: 5 Alm.Certain | B5: 5 | C5: 10 | D5: 15 | E5: 20 | F5: 25 | I5: Finance
A6: 4 Likely | B6: 4 | C6: 8 | D6: 12 | E6: 16 | F6: 20 | I6: HR / People
A7: 3 Possible | B7: 3 | C7: 6 | D7: 9 | E7: 12 | F7: 15 | I7: Customer Service
A8: 2 Unlikely | B8: 2 | C8: 4 | D8: 6 | E8: 8 | F8: 10 | I8: Operations
A9: 1 Rare | B9: 1 | C9: 2 | D9: 3 | E9: 4 | F9: 5 | I9: IT / Technology
I10: Legal / Compliance
A11: Legend: | I11: Marketing
A12: Low (1–4): Accept & monitor annually | I12: Other
A13: Medium (5–12): Mitigate & review quarterly
A14: High (13–25): Immediate action required | I14: Risk Category
I15: Bias & Fairness
I16: Data Privacy
I17: Model Robustness
I18: Explainability
I19: Operational
I20: Legal & Compliance
I21: Cybersecurity
I22: Supply Chain
I23: Other
I25: Mit. Status
I26: Not Started
I27: In Progress
... I50: Closed
